{
  "pools": [
    {
      "rolls": 1,
      "entries": [
        {
          "type": "item",
          "name": "minecraft:feather",
          "weight": 1,
          "functions": [
            {
              "function": "set_count",
              "count": {
                "min": 2,
                "max": 5
              }
            }
          ]
        },
        {
          "type": "item",
          "name": "minecraft:gold_nugget",
          "weight": 1,
          "functions": [
            {
              "function": "set_count",
              "count": {
                "min": -1,
                "max": 2
              }
            },
            {
              "function": "looting_enchant",
              "count": {
                "min": 0,
                "max": 1
              }
            }
          ]
        }
      ]
    },
    {
      "conditions": [
        {
          "condition": "entity_properties",
          "entity": "this",
          "properties": {
            "on_fire": false
          }
        }
      ],
      "rolls": 1,
      "entries": [
        {
          "type": "item",
          "name": "minecraft:chicken",
          "weight": 1,
          "functions": [
            {
              "function": "set_nbt",
              "tag": "{display:{Name:\"{\\\"text\\\":\\\"§fRaw Turkey\\\"}\"}}"
            },
            {
              "function": "looting_enchant",
              "count": {
                "min": 0,
                "max": 1
              }
            }
          ]
        }
      ]
    },
    {
      "conditions": [
        {
          "condition": "entity_properties",
          "entity": "this",
          "properties": {
            "on_fire": true
          }
        }
      ],
      "rolls": 1,
      "entries": [
        {
          "type": "item",
          "name": "minecraft:cooked_chicken",
          "weight": 1,
          "functions": [
            {
              "function": "set_nbt",
              "tag": "{display:{Name:\"{\\\"text\\\":\\\"§fCooked Turkey\\\"}\"}}"
            },
            {
              "function": "looting_enchant",
              "count": {
                "min": 0,
                "max": 1
              }
            }
          ]
        }
      ]
    }
  ]
}