{
    "display": {
        "title": {
            "text": "It is Winter",
            "color": "blue"
        },
        "description": {
            "text": "It is now winter",
            "color": "light_purple",
            "italic": true
        },
        "icon": {
            "item": "minecraft:snow_block"
        },
        "show_toast": true,
        "announce_to_chat": false,
        "hidden": true,
        "background": "minecraft:textures/gui/advancements/backgrounds/stone.png"
    },
    "criteria": {
        "winter": {
            "trigger": "minecraft:impossible"
        }
    },
    "parent": "seasons:display/display_season"
}