{
    "display": {
        "title": {
            "text": "It is Spring",
            "color": "green"
        },
        "description": {
            "text": "It is now spring",
            "color": "light_purple",
            "italic": true
        },
        "icon": {
            "item": "minecraft:red_tulip"
        },
        "show_toast": true,
        "announce_to_chat": false,
        "hidden": true
    },
    "criteria": {
        "show_spring": {
            "trigger": "minecraft:impossible"
        }
    },
    "parent": "seasons:display/display_season"
}